{
  "game_level": 5,
  "total_timesteps": 2007048,
  "episodes": 2764,
  "mean_episode_return": -2.18658,
  "mean_episode_length": 196.6,
  "mean_kill_density": -0.011121973550356054
}