{
  "checkpoint": "models/game5/final.pt",
  "game_level": 5,
  "episodes": 10,
  "deterministic": true,
  "mean_return": -2.0551000000000004,
  "std_return": 0.23888666768993191,
  "mean_raw_kills": 0.325,
  "mean_aggression": -0.30850000000000044,
  "mean_preservation": 0.325,
  "mean_episode_length": 179.0,
  "raw_kill_density": 0.0018156424581005587,
  "kill_density": -0.0017234636871508405,
  "mean_death_penalty": -2.0
}