{
  "checkpoint": "models/game4/final.pt",
  "game_level": 4,
  "episodes": 10,
  "deterministic": true,
  "mean_return": -2.0305999999999997,
  "std_return": 0.02767652434826317,
  "mean_raw_kills": 0.0,
  "mean_aggression": -0.05100000000000001,
  "mean_preservation": 0.0,
  "mean_episode_length": 163.0,
  "raw_kill_density": 0.0,
  "kill_density": -0.00031288343558282216,
  "mean_death_penalty": -2.0
}