{
  "checkpoint": "models/game4/final.pt",
  "game_level": 4,
  "episodes": 10,
  "deterministic": false,
  "mean_return": -1.6159500000000002,
  "std_return": 0.38568260590801845,
  "mean_raw_kills": 0.575,
  "mean_aggression": 0.25675,
  "mean_preservation": 0.575,
  "mean_episode_length": 193.0,
  "raw_kill_density": 0.0029792746113989636,
  "kill_density": 0.0013303108808290153,
  "mean_death_penalty": -2.0
}