{
  "checkpoint": "models/game3/final.pt",
  "game_level": 3,
  "episodes": 10,
  "deterministic": false,
  "mean_return": -1.8200000000000003,
  "std_return": 0.39882640333859537,
  "mean_raw_kills": 0.55,
  "mean_aggression": 0.18,
  "mean_preservation": 0.0,
  "mean_episode_length": 185.0,
  "raw_kill_density": 0.0029729729729729734,
  "kill_density": 0.0009729729729729729,
  "mean_death_penalty": -2.0
}