{
  "checkpoint": "models/game5/final.pt",
  "game_level": 5,
  "episodes": 10,
  "deterministic": false,
  "mean_return": -2.0714,
  "std_return": 0.37511890115002205,
  "mean_raw_kills": 0.675,
  "mean_aggression": -0.5690000000000005,
  "mean_preservation": 0.675,
  "mean_episode_length": 181.0,
  "raw_kill_density": 0.0037292817679558015,
  "kill_density": -0.003143646408839782,
  "mean_death_penalty": -2.0
}